<?xml version="1.0" encoding="UTF-8"?>
<module>
 <name>Aac Transformation</name>
   <description>Aac Audio Transformation</description>
   <type>Transformation</type>
   <classname>com.docbyte.docshifter.receiver.operations.audio.AacTransformation</classname>
   <parameters>
	<parameter>
		<name>ffmpegPath</name>
	    <description>path to the ffmpeg exe, When installed with docShifter this is @D_HOME\Tools\ffmpeg\bin</description>
		<type>STRING</type>
	</parameter>
	</parameters>
</module>