<?xml version="1.0" encoding="UTF-8"?>
<module>
 <name>Mp4 h264 Transformation</name>
   <description>Mp4 h264 Transformation</description>
   <type>Transformation</type>
   <classname>com.docbyte.docshifter.receiver.operations.video.h264Transformation</classname>
   <parameters>
	<parameter>
		<name>ffmpegPath</name>
	    <description>path to the ffmpeg exe, When installed with docShifter this is @D_HOME\Tools\ffmpeg\bin</description>
		<type>STRING</type>
	</parameter>
   </parameters>
</module>