<?xml version="1.0" encoding="UTF-8"?>
<module>
 <name>PNG Transformation</name>
   <description>Rasterization to PNG</description>
   <type>Transformation</type>
   <classname>com.docbyte.docshifter.receiver.operations.png.PngTransformation</classname>
   <parameters>
	<parameter>
	    <name>MaxHeight</name>
	    <description>Maximum height in pixels</description>
	    <type>INTEGER</type>
	</parameter>
	<parameter>
	    <name>MaxWidth</name>
	    <description>Maximum width in pixels</description>
	    <type>INTEGER</type>
	</parameter>
   </parameters>
</module>