<?xml version="1.0" encoding="UTF-8"?>
<module>
 <name>Simple Webm Transformation</name>
   <description>Webm Video Transformation without options</description>
   <type>Transformation</type>
   <classname>com.docbyte.docshifter.receiver.operations.video.webmTransformation</classname>
   <parameters>
		<parameter>
			<name>ffmpegPath</name>
			<description>path to the ffmpeg exe, When installed with docShifter this is @D_HOME\Tools\ffmpeg\bin</description>
			<type>STRING</type>
		</parameter>
	</parameters>
</module>